<?xml version="1.0"?>
<doc>
    <assembly>
        <name>uNhAddIns.Adapters</name>
    </assembly>
    <members>
        <member name="T:uNhAddIns.Adapters.MethodsIncludeMode">
            <summary>
             Define the way each method will be included in a persistent conversation.
            </summary>
        </member>
        <member name="F:uNhAddIns.Adapters.MethodsIncludeMode.Explicit">
            <summary>
             Methods involved must be explicitly declared.
            </summary>
        </member>
        <member name="F:uNhAddIns.Adapters.MethodsIncludeMode.Implicit">
            <summary>
             Each method is involved in a persistence-conversation if not explicitly excluded.
            </summary>
        </member>
        <member name="T:uNhAddIns.Adapters.PersistenceConversationAttribute">
            <summary>
            Attribute to mark a method as involved in a persistence conversation
            </summary>
        </member>
        <member name="P:uNhAddIns.Adapters.PersistenceConversationAttribute.ConversationEndMode">
            <summary>
            The action to take after finishing this part of the conversation.
            </summary>
            <remarks>
            Default <see cref="P:uNhAddIns.Adapters.PersistenceConversationalAttribute.DefaultEndMode"/>
            </remarks>
        </member>
        <member name="P:uNhAddIns.Adapters.PersistenceConversationAttribute.Exclude">
            <summary>
             <see langword="true"/> if you want to explicitly exclude a method from a persistence-conversation.
            </summary>
             <remarks>
             Default <see langword="false"/>.
             </remarks>
        </member>
        <member name="T:uNhAddIns.Adapters.EndMode">
            <summary>
             Enum types to decide what to do with the conversation after executing the current action
            </summary>
        </member>
        <member name="F:uNhAddIns.Adapters.EndMode.Unspecified">
            <summary>
            Use <see cref="P:uNhAddIns.Adapters.PersistenceConversationalAttribute.DefaultEndMode"/>.
            </summary>
        </member>
        <member name="F:uNhAddIns.Adapters.EndMode.Continue">
            <summary>
             Continue the conversation
            </summary>
        </member>
        <member name="F:uNhAddIns.Adapters.EndMode.CommitAndContinue">
            <summary>
             Flushes the results and continues the conversation
            </summary>
        </member>
        <member name="F:uNhAddIns.Adapters.EndMode.End">
            <summary>
             end and accept the changes
            </summary>
        </member>
        <member name="F:uNhAddIns.Adapters.EndMode.Abort">
            <summary>
             end and abort the changes
            </summary>
        </member>
        <member name="T:uNhAddIns.Adapters.PersistenceConversationalAttribute">
            <summary>
            Indicates that a class is involved in a persistentes conversation.
            </summary>
        </member>
        <member name="M:uNhAddIns.Adapters.PersistenceConversationalAttribute.#ctor">
            <summary>
            Initializes a new instance of the <see cref="T:uNhAddIns.Adapters.PersistenceConversationalAttribute"/> class.
            </summary>
        </member>
        <member name="P:uNhAddIns.Adapters.PersistenceConversationalAttribute.ConversationId">
            <summary>
            Fixed Conversation's Id for the target class.
            </summary>
            <remarks>
            Optional.
            <para>
            Only use it when multiple instances of the target class must work in the same conversation.
            </para>
            </remarks>
        </member>
        <member name="P:uNhAddIns.Adapters.PersistenceConversationalAttribute.IdPrefix">
            <summary>
            Conversation's Id prefix.
            </summary>
            <remarks>
            Optional.
            <para>
            The result conversation's Id will be composed by IdPrefix + UniqueId
            </para>
            </remarks>
        </member>
        <member name="P:uNhAddIns.Adapters.PersistenceConversationalAttribute.MethodsIncludeMode">
            <summary>
            Define the way each method, of the target class, will be included in a persistent conversation.
            </summary>
            <remarks>
            Optional, default <see cref="F:uNhAddIns.Adapters.MethodsIncludeMode.Implicit"/>
            </remarks>
        </member>
        <member name="P:uNhAddIns.Adapters.PersistenceConversationalAttribute.DefaultEndMode">
            <summary>
            Define the <see cref="T:uNhAddIns.Adapters.EndMode"/> of each method where not explicity declared.
            </summary>
            <remarks>
            Optional, default <see cref="F:uNhAddIns.Adapters.EndMode.Continue"/>
            </remarks>
        </member>
        <member name="P:uNhAddIns.Adapters.PersistenceConversationalAttribute.ConversationCreationInterceptor">
            <summary>
             Define the class where conversation's events handlers are implemented.
            </summary>
             <remarks>
             The class must implements IConversationCreationInterceptor.
             </remarks>
        </member>
        <member name="P:uNhAddIns.Adapters.PersistenceConversationalAttribute.UseConversationCreationInterceptorConvention">
            <summary>
            Use the IoC container to discover the implementor of IConversationCreationInterceptorConvention{T}
            where T is the class indicated by <seealso cref="T:uNhAddIns.Adapters.PersistenceConversationalAttribute"/>.
            </summary>
        </member>
    </members>
</doc>
