﻿<?xml version="1.0" encoding="utf-8" ?>
<hibernate-mapping xmlns="urn:nhibernate-mapping-2.2"
				   assembly="uNHAddIns.Examples.CustomInterceptor"
				   namespace="uNHAddIns.Examples.CustomInterceptor.Domain">
  <class name="Customer" >
    <tuplizer class="uNHAddIns.Examples.CustomInterceptor.Infrastructure.ProxiedTuplizer, uNHAddIns.Examples.CustomInterceptor" 
              entity-mode="poco"/>
		<id type="guid">
			<generator class="guid"/>
		</id>
		<property name="Name"/>
		<property name="Address"/>
	</class>
</hibernate-mapping>