﻿<?xml version="1.0" encoding="utf-8" ?>
<hibernate-mapping xmlns="urn:nhibernate-mapping-2.2"
				   assembly="uNHAddIns.Examples.CustomInterceptor"
				   namespace="uNHAddIns.Examples.CustomInterceptor.Domain">
   <class name="IProduct" >
    <tuplizer class="uNHAddIns.Examples.CustomInterceptor.Infrastructure.ProxiedTuplizer, uNHAddIns.Examples.CustomInterceptor" 
              entity-mode="poco"/>
		<id type="guid" name="Id">
			<generator class="guid"/>
		</id>
		<property name="Description"/>
		<property name="UnitPrice"/>
    
    <!--<many-to-one name="Category" column="CategoryId" />-->
	</class>
</hibernate-mapping>