﻿<?xml version="1.0" encoding="utf-8" ?>
<hibernate-mapping xmlns="urn:nhibernate-mapping-2.2"
				   assembly="uNHAddIns.Examples.CustomInterceptor"
				   namespace="uNHAddIns.Examples.CustomInterceptor.Domain">
  <class name="Store" >

    <id type="guid">
			<generator class="guid"/>
		</id>
    
		<property name="Name"/>
    
    <bag name="Products" cascade="all" inverse="true">
      <key column="StoreId" />
      <one-to-many class="IProduct" />
    </bag>
    
	</class>
</hibernate-mapping>