<?xml version="1.0"?>
<doc>
    <assembly>
        <name>NUnitEx</name>
    </assembly>
    <members>
        <member name="T:NUnit.Framework.IBooleanConstraints">
            <summary>
            Constraint over boolean values.
            </summary>
        </member>
        <member name="T:NUnit.Framework.IAssertionInfo`1">
            <summary>
            Assertion information.
            </summary>
            <typeparam name="T">The type of the value subject of the assertion.</typeparam>
        </member>
        <member name="P:NUnit.Framework.IAssertionInfo`1.Actual">
            <summary>
            Subject of the assertion.
            </summary>
        </member>
        <member name="P:NUnit.Framework.IAssertionInfo`1.IsNegated">
            <summary>
            The assertion is negated ?
            </summary>
        </member>
        <member name="P:NUnit.Framework.IAssertionInfo`1.FailureMessage">
            <summary>
            The title of the assertion ("message" in NUnit terminology)
            </summary>
        </member>
        <member name="T:NUnit.Framework.ObjectExtensions">
            <summary>
            Extensions for any System.Object.
            </summary>
        </member>
        <member name="M:NUnit.Framework.ObjectExtensions.FieldValue``1(System.Object,System.String)">
            <summary>
            Allow access to a private field of a class instance.
            </summary>
            <typeparam name="T">The <see cref="T:System.Type"/> of the field. </typeparam>
            <param name="source">The class instance.</param>
            <param name="fieldName">The field name.</param>
            <returns>The value of the field.</returns>
        </member>
    </members>
</doc>
