﻿<?xml version="1.0" encoding="utf-8" ?>
<hibernate-mapping xmlns="urn:nhibernate-mapping-2.2"
	assembly="YourPrjDomain"
	namespace="YourPrjDomain.Transformers">

  <class name="Customer" lazy="false">

    <id name ="Id">
      <generator class="identity" />
    </id>

    <property name="FirstName" />
    <property name="LastName" />    
    <property name="Phone" />
    <property name="Address" />
    <property name="Zip" />
    <property name="Born" />
    
  </class>
  
</hibernate-mapping>