﻿<?xml version="1.0" encoding="utf-8" ?>
<hibernate-mapping xmlns="urn:nhibernate-mapping-2.2"
	                  assembly="YourPrjDomain"
	                  namespace="YourPrjDomain.Associations.ManyToMany"
                    default-lazy="false">

	<class name="Item">
		<id name="Id" type="int">
			<generator class="hilo"/>
		</id>
		<property name="Description"/>

		<idbag name="Categories" table="CATEGORY_ITEM">
			<collection-id column="ID" type="int">
				<generator class="hilo"/>
			</collection-id>
			<key column="IdItem"/>
			<many-to-many class="Category" column="IdCategory"/>
		</idbag>
	</class>

	<class name="Category">
		<id name="Id" type="int">
			<generator class="hilo"/>
		</id>

		<property name="Description"/>

		<idbag name="Items" table="CATEGORY_ITEM">
			<collection-id column="ID" type="int">
				<generator class="hilo"/>
			</collection-id>

			<key column="IdCategory"/>
			<many-to-many class="Item" column="IdItem"/>
		</idbag>
	</class>

</hibernate-mapping>