﻿<?xml version="1.0" encoding="utf-8" ?>
<hibernate-mapping xmlns="urn:nhibernate-mapping-2.2"
				   assembly="YourPrjDomain"
				   namespace="YourPrjDomain.Inheritance"
				   default-access="field.camelcase"
				   default-lazy="false">

	<class name="Animal">
		<id name="Id">
			<generator class="native" />
		</id>
		<discriminator column="AnimalType" length="5" />

		<property name="Name" />

		<subclass name="Dog" discriminator-value="Dog">
			<property name="Breed" />
		</subclass>

		<subclass name="Frog" discriminator-value="Frog">
			<join fetch="join" table="FrogT">
				<key column="Id"/>
				<property name="TongueLength" />
			</join>
		</subclass>
	</class>

</hibernate-mapping>