﻿<?xml version="1.0" encoding="utf-8" ?>
<hibernate-mapping xmlns="urn:nhibernate-mapping-2.2"
	assembly="YourPrjDomain"
	namespace="YourPrjDomain.Inheritance"
  default-access="field.camelcase"
	default-lazy="false">

	<class name="Frog">

		<id name="Id">
			<generator class="native" />
		</id>

		<property name="Name" />
		<property name="TongueLength" />

	</class>
	
	<class name="Dog">

		<id name="Id">
			<generator class="native" />
		</id>

		<property name="Name" />
		<property name="Breed" />

	</class>

</hibernate-mapping>