﻿<?xml version="1.0" encoding="utf-8" ?>
<hibernate-mapping xmlns="urn:nhibernate-mapping-2.2"
	assembly="YourPrjDomain"
	namespace="YourPrjDomain.Inheritance"
  default-access="field.camelcase"
	default-lazy="false">

	<class name="Animal">
		 
		<id name="Id">
			<generator class="native" />
		</id>
		
		<property name="Name" />
		
		<joined-subclass name="Dog">
			<key column="Id" />
			<property name="Breed" />
		</joined-subclass>

		<joined-subclass name="Frog">
			<key column="Id" />
			<property name="TongueLength" />
		</joined-subclass>
		
	</class>
	
</hibernate-mapping>