﻿<?xml version="1.0" encoding="utf-8" ?>
<hibernate-mapping xmlns="urn:nhibernate-mapping-2.2"
				   assembly="Chinook.Domain"
				   namespace="Chinook.Domain">
  <class name="Employee">
    <id name="EmployeeId" column="EmployeeId">
      <generator class="identity"/>
    </id>

    <property name="LastName" />
    <property name="FirstName" />
    <property name="Title" />
    <property name="BirthDate" />
    <property name="HireDate" />
    <property name="Address" />
    <property name="City" />
    <property name="State" />
    <property name="Country" />
    <property name="PostalCode" />
    <property name="Phone" />
    <property name="Fax" />
    <property name="Email" />
    
    <many-to-one name="ReportsTo" class="Employee" column="ReportsTo" />

  </class>
  
</hibernate-mapping>