<?xml version="1.0"?>
<doc>
    <assembly>
        <name>SimilarityNet</name>
    </assembly>
    <members>
        <member name="T:Similarity.Net.SimilarityQueries">
            <summary> Simple similarity measures.
            
            
            </summary>
            <seealso cref="T:Similarity.Net.MoreLikeThis">
            </seealso>
        </member>
        <member name="M:Similarity.Net.SimilarityQueries.#ctor">
            <summary> </summary>
        </member>
        <!-- Badly formed XML comment ignored for member "M:Similarity.Net.SimilarityQueries.FormSimilarQuery(System.String,Lucene.Net.Analysis.Analyzer,System.String,System.Collections.Hashtable)" -->
        <!-- Badly formed XML comment ignored for member "T:Similarity.Net.MoreLikeThis" -->
        <member name="F:Similarity.Net.MoreLikeThis.DEFAULT_MAX_NUM_TOKENS_PARSED">
            <summary> Default maximum number of tokens to parse in each example doc field that is not stored with TermVector support.</summary>
            <seealso cref="!:#getMaxNumTokensParsed">
            </seealso>
        </member>
        <member name="F:Similarity.Net.MoreLikeThis.DEFAULT_MIN_TERM_FREQ">
            <summary> Ignore terms with less than this frequency in the source doc.</summary>
            <seealso cref="!:#getMinTermFreq">
            </seealso>
            <seealso cref="!:#setMinTermFreq">
            </seealso>
        </member>
        <member name="F:Similarity.Net.MoreLikeThis.DEFALT_MIN_DOC_FREQ">
            <summary> Ignore words which do not occur in at least this many docs.</summary>
            <seealso cref="!:#getMinDocFreq">
            </seealso>
            <seealso cref="!:#setMinDocFreq">
            </seealso>
        </member>
        <member name="F:Similarity.Net.MoreLikeThis.DEFAULT_BOOST">
            <summary> Boost terms in query based on score.</summary>
            <seealso cref="!:#isBoost">
            </seealso>
            <seealso cref="!:#SetBoost">
            </seealso>
        </member>
        <member name="F:Similarity.Net.MoreLikeThis.DEFAULT_MIN_WORD_LENGTH">
            <summary> Ignore words less than this length or if 0 then this has no effect.</summary>
            <seealso cref="!:#getMinWordLen">
            </seealso>
            <seealso cref="!:#setMinWordLen">
            </seealso>
        </member>
        <member name="F:Similarity.Net.MoreLikeThis.DEFAULT_MAX_WORD_LENGTH">
            <summary> Ignore words greater than this length or if 0 then this has no effect.</summary>
            <seealso cref="!:#getMaxWordLen">
            </seealso>
            <seealso cref="!:#setMaxWordLen">
            </seealso>
        </member>
        <member name="F:Similarity.Net.MoreLikeThis.DEFAULT_MAX_QUERY_TERMS">
            <summary> Return a Query with no more than this many terms.
            
            </summary>
            <seealso cref="!:BooleanQuery#getMaxClauseCount">
            </seealso>
            <seealso cref="!:#getMaxQueryTerms">
            </seealso>
            <seealso cref="!:#setMaxQueryTerms">
            </seealso>
        </member>
        <member name="F:Similarity.Net.MoreLikeThis.DEFAULT_ANALYZER">
            <summary> Default analyzer to parse source doc with.</summary>
            <seealso cref="!:#getAnalyzer">
            </seealso>
        </member>
        <member name="F:Similarity.Net.MoreLikeThis.DEFAULT_FIELD_NAMES">
            <summary> Default field names. Null is used to specify that the field names should be looked
            up at runtime from the provided reader.
            </summary>
        </member>
        <member name="F:Similarity.Net.MoreLikeThis.DEFAULT_STOP_WORDS">
            <summary> Default set of stopwords.
            If null means to allow stop words.
            
            </summary>
            <seealso cref="!:#setStopWords">
            </seealso>
            <seealso cref="!:#getStopWords">
            </seealso>
        </member>
        <member name="F:Similarity.Net.MoreLikeThis.stopWords">
            <summary> Current set of stop words.</summary>
        </member>
        <member name="F:Similarity.Net.MoreLikeThis.analyzer">
            <summary> Analyzer that will be used to parse the doc.</summary>
        </member>
        <member name="F:Similarity.Net.MoreLikeThis.minTermFreq">
            <summary> Ignore words less freqent that this.</summary>
        </member>
        <member name="F:Similarity.Net.MoreLikeThis.minDocFreq">
            <summary> Ignore words which do not occur in at least this many docs.</summary>
        </member>
        <member name="F:Similarity.Net.MoreLikeThis.boost">
            <summary> Should we apply a boost to the Query based on the scores?</summary>
        </member>
        <member name="F:Similarity.Net.MoreLikeThis.fieldNames">
            <summary> Field name we'll analyze.</summary>
        </member>
        <member name="F:Similarity.Net.MoreLikeThis.maxNumTokensParsed">
            <summary> The maximum number of tokens to parse in each example doc field that is not stored with TermVector support</summary>
        </member>
        <member name="F:Similarity.Net.MoreLikeThis.minWordLen">
            <summary> Ignore words if less than this len.</summary>
        </member>
        <member name="F:Similarity.Net.MoreLikeThis.maxWordLen">
            <summary> Ignore words if greater than this len.</summary>
        </member>
        <member name="F:Similarity.Net.MoreLikeThis.maxQueryTerms">
            <summary> Don't return a query longer than this.</summary>
        </member>
        <member name="F:Similarity.Net.MoreLikeThis.similarity">
            <summary> For idf() calculations.</summary>
        </member>
        <member name="F:Similarity.Net.MoreLikeThis.ir">
            <summary> IndexReader to use</summary>
        </member>
        <member name="M:Similarity.Net.MoreLikeThis.#ctor(Lucene.Net.Index.IndexReader)">
            <summary> Constructor requiring an IndexReader.</summary>
        </member>
        <member name="M:Similarity.Net.MoreLikeThis.GetAnalyzer">
            <summary> Returns an analyzer that will be used to parse source doc with. The default analyzer
            is the {@link #DEFAULT_ANALYZER}.
            
            </summary>
            <returns> the analyzer that will be used to parse source doc with.
            </returns>
            <seealso cref="!:#DEFAULT_ANALYZER">
            </seealso>
        </member>
        <member name="M:Similarity.Net.MoreLikeThis.SetAnalyzer(Lucene.Net.Analysis.Analyzer)">
            <summary> Sets the analyzer to use. An analyzer is not required for generating a query with the
            {@link #Like(int)} method, all other 'like' methods require an analyzer.
            
            </summary>
            <param name="analyzer">the analyzer to use to tokenize text.
            </param>
        </member>
        <member name="M:Similarity.Net.MoreLikeThis.GetMinTermFreq">
            <summary> Returns the frequency below which terms will be ignored in the source doc. The default
            frequency is the {@link #DEFAULT_MIN_TERM_FREQ}.
            
            </summary>
            <returns> the frequency below which terms will be ignored in the source doc.
            </returns>
        </member>
        <member name="M:Similarity.Net.MoreLikeThis.SetMinTermFreq(System.Int32)">
            <summary> Sets the frequency below which terms will be ignored in the source doc.
            
            </summary>
            <param name="minTermFreq">the frequency below which terms will be ignored in the source doc.
            </param>
        </member>
        <member name="M:Similarity.Net.MoreLikeThis.GetMinDocFreq">
            <summary> Returns the frequency at which words will be ignored which do not occur in at least this
            many docs. The default frequency is {@link #DEFALT_MIN_DOC_FREQ}.
            
            </summary>
            <returns> the frequency at which words will be ignored which do not occur in at least this
            many docs.
            </returns>
        </member>
        <member name="M:Similarity.Net.MoreLikeThis.SetMinDocFreq(System.Int32)">
            <summary> Sets the frequency at which words will be ignored which do not occur in at least this
            many docs.
            
            </summary>
            <param name="minDocFreq">the frequency at which words will be ignored which do not occur in at
            least this many docs.
            </param>
        </member>
        <member name="M:Similarity.Net.MoreLikeThis.IsBoost">
            <summary> Returns whether to boost terms in query based on "score" or not. The default is
            {@link #DEFAULT_BOOST}.
            
            </summary>
            <returns> whether to boost terms in query based on "score" or not.
            </returns>
            <seealso cref="!:#SetBoost">
            </seealso>
        </member>
        <member name="M:Similarity.Net.MoreLikeThis.SetBoost(System.Boolean)">
            <summary> Sets whether to boost terms in query based on "score" or not.
            
            </summary>
            <param name="boost">true to boost terms in query based on "score", false otherwise.
            </param>
            <seealso cref="!:#isBoost">
            </seealso>
        </member>
        <member name="M:Similarity.Net.MoreLikeThis.GetFieldNames">
            <summary> Returns the field names that will be used when generating the 'More Like This' query.
            The default field names that will be used is {@link #DEFAULT_FIELD_NAMES}.
            
            </summary>
            <returns> the field names that will be used when generating the 'More Like This' query.
            </returns>
        </member>
        <member name="M:Similarity.Net.MoreLikeThis.SetFieldNames(System.String[])">
            <summary> Sets the field names that will be used when generating the 'More Like This' query.
            Set this to null for the field names to be determined at runtime from the IndexReader
            provided in the constructor.
            
            </summary>
            <param name="fieldNames">the field names that will be used when generating the 'More Like This'
            query.
            </param>
        </member>
        <member name="M:Similarity.Net.MoreLikeThis.GetMinWordLen">
            <summary> Returns the minimum word length below which words will be ignored. Set this to 0 for no
            minimum word length. The default is {@link #DEFAULT_MIN_WORD_LENGTH}.
            
            </summary>
            <returns> the minimum word length below which words will be ignored.
            </returns>
        </member>
        <member name="M:Similarity.Net.MoreLikeThis.SetMinWordLen(System.Int32)">
            <summary> Sets the minimum word length below which words will be ignored.
            
            </summary>
            <param name="minWordLen">the minimum word length below which words will be ignored.
            </param>
        </member>
        <member name="M:Similarity.Net.MoreLikeThis.GetMaxWordLen">
            <summary> Returns the maximum word length above which words will be ignored. Set this to 0 for no
            maximum word length. The default is {@link #DEFAULT_MAX_WORD_LENGTH}.
            
            </summary>
            <returns> the maximum word length above which words will be ignored.
            </returns>
        </member>
        <member name="M:Similarity.Net.MoreLikeThis.SetMaxWordLen(System.Int32)">
            <summary> Sets the maximum word length above which words will be ignored.
            
            </summary>
            <param name="maxWordLen">the maximum word length above which words will be ignored.
            </param>
        </member>
        <member name="M:Similarity.Net.MoreLikeThis.SetStopWords(System.Collections.Hashtable)">
            <summary> Set the set of stopwords.
            Any word in this set is considered "uninteresting" and ignored.
            Even if your Analyzer allows stopwords, you might want to tell the MoreLikeThis code to ignore them, as
            for the purposes of document similarity it seems reasonable to assume that "a stop word is never interesting".
            
            </summary>
            <param name="stopWords">set of stopwords, if null it means to allow stop words
            
            </param>
            <seealso cref="!:StopFilter.makeStopSet()">
            </seealso>
            <seealso cref="!:#getStopWords">
            </seealso>
        </member>
        <member name="M:Similarity.Net.MoreLikeThis.GetStopWords">
            <summary> Get the current stop words being used.</summary>
            <seealso cref="!:#setStopWords">
            </seealso>
        </member>
        <member name="M:Similarity.Net.MoreLikeThis.GetMaxQueryTerms">
            <summary> Returns the maximum number of query terms that will be included in any generated query.
            The default is {@link #DEFAULT_MAX_QUERY_TERMS}.
            
            </summary>
            <returns> the maximum number of query terms that will be included in any generated query.
            </returns>
        </member>
        <member name="M:Similarity.Net.MoreLikeThis.SetMaxQueryTerms(System.Int32)">
            <summary> Sets the maximum number of query terms that will be included in any generated query.
            
            </summary>
            <param name="maxQueryTerms">the maximum number of query terms that will be included in any
            generated query.
            </param>
        </member>
        <member name="M:Similarity.Net.MoreLikeThis.GetMaxNumTokensParsed">
            <returns> The maximum number of tokens to parse in each example doc field that is not stored with TermVector support
            </returns>
            <seealso cref="!:#DEFAULT_MAX_NUM_TOKENS_PARSED">
            </seealso>
        </member>
        <member name="M:Similarity.Net.MoreLikeThis.SetMaxNumTokensParsed(System.Int32)">
            <param name="i">The maximum number of tokens to parse in each example doc field that is not stored with TermVector support
            </param>
        </member>
        <member name="M:Similarity.Net.MoreLikeThis.Like(System.Int32)">
            <summary> Return a query that will return docs like the passed lucene document ID.
            
            </summary>
            <param name="docNum">the documentID of the lucene doc to generate the 'More Like This" query for.
            </param>
            <returns> a query that will return docs like the passed lucene document ID.
            </returns>
        </member>
        <member name="M:Similarity.Net.MoreLikeThis.Like(System.IO.FileInfo)">
            <summary> Return a query that will return docs like the passed file.
            
            </summary>
            <returns> a query that will return docs like the passed file.
            </returns>
        </member>
        <member name="M:Similarity.Net.MoreLikeThis.Like(System.Uri)">
            <summary> Return a query that will return docs like the passed URL.
            
            </summary>
            <returns> a query that will return docs like the passed URL.
            </returns>
        </member>
        <member name="M:Similarity.Net.MoreLikeThis.Like(System.IO.Stream)">
            <summary> Return a query that will return docs like the passed stream.
            
            </summary>
            <returns> a query that will return docs like the passed stream.
            </returns>
        </member>
        <member name="M:Similarity.Net.MoreLikeThis.Like(System.IO.StreamReader)">
            <summary> Return a query that will return docs like the passed Reader.
            
            </summary>
            <returns> a query that will return docs like the passed Reader.
            </returns>
        </member>
        <member name="M:Similarity.Net.MoreLikeThis.CreateQuery(Lucene.Net.Util.PriorityQueue)">
            <summary> Create the More like query from a PriorityQueue</summary>
        </member>
        <member name="M:Similarity.Net.MoreLikeThis.CreateQueue(System.Collections.IDictionary)">
            <summary> Create a PriorityQueue from a word->tf map.
            
            </summary>
            <param name="words">a map of words keyed on the word(String) with Int objects as the values.
            </param>
        </member>
        <member name="M:Similarity.Net.MoreLikeThis.DescribeParams">
            <summary> Describe the parameters that control how the "more like this" query is formed.</summary>
        </member>
        <member name="M:Similarity.Net.MoreLikeThis.Main(System.String[])">
            <summary> Test driver.
            Pass in "-i INDEX" and then either "-fn FILE" or "-url URL".
            </summary>
        </member>
        <member name="M:Similarity.Net.MoreLikeThis.RetrieveTerms(System.Int32)">
            <summary> Find words for a more-like-this query former.
            
            </summary>
            <param name="docNum">the id of the lucene document from which to find terms
            </param>
        </member>
        <member name="M:Similarity.Net.MoreLikeThis.AddTermFrequencies(System.Collections.IDictionary,Lucene.Net.Index.TermFreqVector)">
            <summary> Adds terms and frequencies found in vector into the Map termFreqMap</summary>
            <param name="termFreqMap">a Map of terms and their frequencies
            </param>
            <param name="vector">List of terms and their frequencies for a doc/field
            </param>
        </member>
        <member name="M:Similarity.Net.MoreLikeThis.AddTermFrequencies(System.IO.StreamReader,System.Collections.IDictionary,System.String)">
            <summary> Adds term frequencies found by tokenizing text from reader into the Map words</summary>
            <param name="r">a source of text to be tokenized
            </param>
            <param name="termFreqMap">a Map of terms and their frequencies
            </param>
            <param name="fieldName">Used by analyzer for any special per-field analysis
            </param>
        </member>
        <member name="M:Similarity.Net.MoreLikeThis.IsNoiseWord(System.String)">
            <summary>determines if the passed term is likely to be of interest in "more like" comparisons 
            
            </summary>
            <param name="term">The word being considered
            </param>
            <returns> true if should be ignored, false if should be used in further analysis
            </returns>
        </member>
        <!-- Badly formed XML comment ignored for member "M:Similarity.Net.MoreLikeThis.RetrieveTerms(System.IO.StreamReader)" -->
        <member name="M:Similarity.Net.MoreLikeThis.RetrieveInterestingTerms(System.IO.StreamReader)">
            <summary> Convenience routine to make it easy to return the most interesting words in a document.
            More advanced users will call {@link #RetrieveTerms(java.io.Reader) retrieveTerms()} directly.
            </summary>
            <param name="r">the source document
            </param>
            <returns> the most interesting words in the document
            
            </returns>
            <seealso cref="!:#RetrieveTerms(java.io.Reader)">
            </seealso>
            <seealso cref="!:#setMaxQueryTerms">
            </seealso>
        </member>
        <member name="T:Similarity.Net.MoreLikeThis.FreqQ">
            <summary> PriorityQueue that orders words by score.</summary>
        </member>
        <member name="T:Similarity.Net.MoreLikeThis.Int">
            <summary> Use for frequencies and to avoid renewing Integers.</summary>
        </member>
    </members>
</doc>
