﻿<?xml version="1.0" encoding="utf-8" ?>
<hibernate-mapping xmlns="urn:nhibernate-mapping-2.2"
				   assembly="SessionManagement.Domain"
				   namespace="SessionManagement.Domain">
  <class name="OrderLine" table="OrderLines">
    <id name="Id" type="Int32">
      <generator class="hilo"/>
    </id>

		<many-to-one name="Order" column="OrderId" lazy="false" fetch="join" not-null="false" />
		<many-to-one name="Product" column="ProductId" lazy="false" />
		
    <property name="LineNumber" />
    <property name="Quantity" />
		<property name="UnitPrice" />
		
  </class>
</hibernate-mapping>