﻿<?xml version="1.0" encoding="utf-8" ?>
<hibernate-mapping xmlns="urn:nhibernate-mapping-2.2"
				   assembly="SessionManagement.Domain"
				   namespace="SessionManagement.Domain">
  <class name="PurchaseOrder" table="PurchaseOrders">
    <id name="Id" type="Int32">
      <generator class="hilo"/>
    </id>

		<bag name="OrderLines" inverse="true" access="field.camelcase" cascade="all-delete-orphan">
			<key column="OrderId" />
			<one-to-many class="OrderLine" />
		</bag>
		
    <property name="Number" />
    <property name="Date" />
  </class>

  <query name="GetOrderByNumberAndDate">
		<![CDATA[
			select po
			from PurchaseOrder po left join fetch po.OrderLines
			where po.Number = :number
			and po.Date = :dateTime
		]]>
	</query>
</hibernate-mapping>