﻿<?xml version="1.0" encoding="utf-8"?>
<hibernate-configuration  xmlns="urn:nhibernate-configuration-2.2" >
	<session-factory name="NHibernate.Test">
		<property name="connection.driver_class">NHibernate.Driver.SqlClientDriver</property>
		<property name="connection.connection_string">
			Server=(local)\SQLEXPRESS;initial catalog=test;Integrated Security=SSPI
		</property>
		<property name="adonet.batch_size">10</property>
		<property name="show_sql">false</property>
		<property name="dialect">NHibernate.Dialect.MsSql2005Dialect</property>
		<property name="query.substitutions">true 1, false 0, yes 'Y', no 'N'</property>
    <property name="current_session_context_class">
      uNhAddIns.SessionEasier.Conversations.ThreadLocalConversationalSessionContext, uNhAddIns
    </property>
    <property name="proxyfactory.factory_class">NHibernate.ByteCode.Castle.ProxyFactoryFactory, NHibernate.ByteCode.Castle</property>
    <mapping assembly="SessionManagement.Data.NH"/>
	</session-factory>
</hibernate-configuration>